account_type,Child Victims,Incident-Specific,Media & Info Control,Mental Illness & Law,Public Safety & Fear,Punishment & Justice
"News Media
(新闻媒体)",22.5,23.08823529411765,4.411764705882353,19.558823529411764,11.76470588235294,18.676470588235293
"Personal Blogger
(个人博主)",21.929824561403507,17.543859649122805,7.894736842105263,22.36842105263158,15.789473684210526,14.473684210526317
